tempo,loudness,spectral_centroid,zcr,genre
170.45454545454547,0.27240484952926636,2077.573101009916,0.0953969116392969,breakcore
